{"name":"state-of-connecticut_n7zh-5dbr","title":"Telecommunications Towers and Antennas","description":"Connecticut General Statutes §16-50dd requires the Connecticut Siting Council to develop, maintain and update on a...\n\nConnecticut General Statutes §16-50dd requires the Connecticut Siting Council to develop, maintain and update on a quarterly basis a Statewide Telecommunications Coverage Database that includes the location, type and height of all telecommunications towers and antennas in the state. Although the Siting Council has made every effort to ensure that this database is as inclusive as possible, it makes no representation that all telecommunications sites in the state are included in this listing. As the Siting Council becomes aware of sites that are unlisted, it takes steps to add these sites to the listing. The Council also welcomes corrections or additions to this database\n\nSource: https://data.ct.gov/d/n7zh-5dbr  \nLast updated at https://data.ct.gov/data.json : 2019-07-19","homepage":"https://data.world/state-of-connecticut/n7zh-5dbr","license":"Public Domain","resources":[{"name":"telecommunications_towers_and_antennas_1","schema":{"fields":[{"name":"town","title":"Town","type":"string","rdfType":"http://www.w3.org/2001/XMLSchema#string","dwSourceId":"town"},{"name":"tower_type","title":"Tower Type","type":"string","rdfType":"http://www.w3.org/2001/XMLSchema#string","dwSourceId":"tower_type"},{"name":"owner","title":"Owner","type":"string","rdfType":"http://www.w3.org/2001/XMLSchema#string","dwSourceId":"owner"},{"name":"height","title":"Height","type":"string","rdfType":"http://www.w3.org/2001/XMLSchema#string","dwSourceId":"height"},{"name":"comments","title":"Comments","type":"string","rdfType":"http://www.w3.org/2001/XMLSchema#string","dwSourceId":"comments"},{"name":"carrier_1","title":"carrier_1","type":"string","rdfType":"http://www.w3.org/2001/XMLSchema#string","dwSourceId":"carrier_1"},{"name":"carrier_2","title":"carrier_2","type":"string","rdfType":"http://www.w3.org/2001/XMLSchema#string","dwSourceId":"carrier_2"},{"name":"carrier_3","title":"carrier_3","type":"string","rdfType":"http://www.w3.org/2001/XMLSchema#string","dwSourceId":"carrier_3"},{"name":"carrier_4","title":"carrier_4","type":"string","rdfType":"http://www.w3.org/2001/XMLSchema#string","dwSourceId":"carrier_4"},{"name":"carrier_5","title":"carrier_5","type":"string","rdfType":"http://www.w3.org/2001/XMLSchema#string","dwSourceId":"carrier_5"},{"name":"carrier_6","title":"carrier_6","type":"string","rdfType":"http://www.w3.org/2001/XMLSchema#string","dwSourceId":"carrier_6"},{"name":"carrier_7","title":"carrier_7","type":"string","rdfType":"http://www.w3.org/2001/XMLSchema#string","dwSourceId":"carrier_7"},{"name":"carrier_8","title":"carrier_8","type":"string","rdfType":"http://www.w3.org/2001/XMLSchema#string","dwSourceId":"carrier_8"},{"name":"carrier_9","title":"carrier_9","type":"string","rdfType":"http://www.w3.org/2001/XMLSchema#string","dwSourceId":"carrier_9"},{"name":"new_georeferenced_column","title":"New Georeferenced Column","type":"string","rdfType":"http://www.w3.org/2001/XMLSchema#string","dwSourceId":"new_georeferenced_column"},{"name":"zip_code","title":"Zip Code","type":"string","rdfType":"http://www.w3.org/2001/XMLSchema#string","dwSourceId":"zip_code"},{"name":"planning_regions","title":"Planning Regions","type":"string","rdfType":"http://www.w3.org/2001/XMLSchema#string","dwSourceId":"planning_regions"},{"name":"town_index","title":"Town Index","type":"string","rdfType":"http://www.w3.org/2001/XMLSchema#string","dwSourceId":"town_index"},{"name":"counties","title":"Counties","type":"string","rdfType":"http://www.w3.org/2001/XMLSchema#string","dwSourceId":"counties"}]},"path":"data/telecommunications_towers_and_antennas_1.csv","format":"csv"},{"name":"original/telecommunications-towers-and-antennas-1.csv","path":"original/telecommunications-towers-and-antennas-1.csv","format":"csv","mediatype":"text/csv","bytes":309285}],"keywords":["wireless","cell","tower","mobile","sites","government"]}